Designator,Mid X,Mid Y,Layer,Rotation
+3.3V101,92.403,-124.622,top,0
+5V101,93.165,-93.38,top,0
5VHead101,167.079,-185.328,top,0
C1,63.1,-182,top,-90
C10,64.1375,-100.6,top,180
C11,64.1375,-98,top,180
C18,75.8625,-162.5,top,180
C19,67.86875,-174.5,top,90
C2,63.75,-168.75,top,180
C20,63,-178,top,90
C21,63,-174,top,-90
C22,179.017,-38.77,top,-90
C23,93,-65.5,top,180
C24,116.279,-168.056,top,0
C3,64.1375,-86.75,top,180
C4,64,-82,top,0
C5,64.1375,-89.8,top,180
C6,63.9375,-92.4,top,180
C7,63.9375,-95.2,top,180
C8,63.9375,-107,top,180
C9,64.5,-103.75,top,180
D_PSU_RX1,166,-141.3,top,0
D_PSU_RX2,183.843,-123.352,top,0
D_PSU_TX1,171.25,-141.25,top,0
D_PSU_TX2,176.731,-122.25,top,0
D1,75,-113,top,0
D2,74.19,-92.5,top,0
D3,101.75,-82.25,top,90
D4,170.25,-75.5,top,0
D801,215.339,-174.66,top,90
F801,216.6345,-187.868,top,180
J10,177.493,-184.566,top,90
J11,101.73,-55,top,0
J12,70.23,-55,top,0
J13,80,-55,top,0
J201,221.669,-219.635,top,180
J23,66.46,-156,top,90
J24,53.38,-157,top,90
J25,183.5,-190,top,-90
J28,182.59,-115.752,top,-90
J30,182.0875,-77.23,top,-90
J31,182,-65.71,top,-90
J32,178.235,-217.603,top,180
J33,169.599,-217.603,top,180
J34,75.893,-217.84,top,180
J37,165.7855,-47.152,top,0
J801,142.441,-168.31,top,0
J802,148.029,-172.12,top,0
J804,224.991,-193.456,top,90
J805,-172.12,0,0,top
JP10,127.725,-193.95,top,180
JP15,100.28,-193.95,top,180
JP205,213.546,-204.04448,top,180
JP9,155,-193.95,top,180
K801,211.275,-179.74,top,-90
Q1,78.4375,-116,top,180
Q10,70.4625,-171.39375,top,-90
Q11,176.3375,-76.5,top,0
Q12,176.25,-65,top,0
Q13,170,-175.5,top,90
Q14,152.093,-101,top,90
Q2,71.5,-73.565,top,-90
Q3,78.5,-71,top,180
Q4,76.25,-61.25,top,180
Q801,194.511,-190.8375,top,90
Q9,70.55,-187.85,top,-90
R1,105.992,-188.376,top,-90
R10,82.9125,-75.25,top,0
R100,179,-84.38,top,-90
R101,96.25,-88.5875,top,-90
R102,96.75,-101.5,top,90
R103,95.21,-106.7875,top,90
R104,96.75,-106.75,top,-90
R105,96.25,-85.0875,top,90
R106,96.25,-80.8375,top,90
R107,95.25,-110.3375,top,-90
R108,95.25,-114,top,-90
R109,177.75,-118.25,top,90
R11,86.25,-121.75,top,0
R110,177.75,-114.5,top,90
R111,174.25,-83.9675,top,-90
R112,168.75,-148,top,-90
R113,173.5875,-76.48,top,-90
R114,173.4125,-65,top,-90
R115,176.3375,-72.23,top,0
R116,175.9125,-61.5,top,0
R118,101.75,-45,top,90
R119,70.5,-44.4125,top,90
R12,79,-120,top,0
R121,176.3375,-80.75,top,0
R122,176,-69,top,0
R123,170,-169.1625,top,90
R124,170,-165.4125,top,90
R125,170,-161.6625,top,-90
R126,169.75,-81.5,top,-90
R127,169.75,-85.25,top,-90
R128,169.75,-89,top,90
R129,162.5,-79.25,top,180
R13,164.5,-148,top,90
R130,170,-78.75,top,0
R131,108,-114,top,180
R132,108,-116.25,top,180
R133,108,-119,top,180
R134,108,-124,top,180
R135,108,-126.75,top,180
R136,108,-129.25,top,180
R137,107.9125,-132,top,180
R138,162.3375,-98.76,top,180
R139,162.3375,-96.25,top,180
R14,171.5,-148,top,-90
R140,170.25,-172.25,top,0
R141,175.5,-95.25,top,-90
R142,169.8375,-180,top,0
R143,152.1805,-105.5,top,0
R144,127.201,-168.564,top,180
R145,119.581,-167.548,top,90
R146,123.137,-168.564,top,180
R147,162.2295,-46.898,top,180
R148,90.244,-177.2,top,180
R149,135.837,-168.056,top,180
R15,173.5,-148,top,-90
R150,105.611,-167.548,top,90
R151,102.69,-180.375,top,180
R152,106.119,-180.375,top,0
R153,109.675,-180.502,top,180
R154,100.785,-167.04,top,90
R155,137.361,-171.104,top,-90
R156,103.833,-167.04,top,-90
R157,102.309,-167.04,top,-90
R158,128.471,-179.994,top,180
R159,122.629,-179.994,top,0
R16,167,-148,top,-90
R160,128.979,-166.786,top,0
R161,112.723,-168.31,top,180
R162,162.2295,-49.692,top,180
R163,162.2295,-52.486,top,180
R164,162.2295,-55.534,top,180
R165,72.464,-162.976,top,90
R166,73.988,-176.438,top,90
R167,158.4195,-55.534,top,180
R168,158.57,-52.486,top,180
R169,163.396,-191.424,top,90
R170,162.38,-108.874,top,180
R171,162.38,-106.334,top,180
R172,162.38,-92.11,top,0
R173,156.792,-151.546,top,-90
R174,162.38,-87.03,top,180
R175,162.38,-84.49,top,180
R176,162.38,-81.95,top,180
R177,152.728,-151.038,top,90
R178,154.506,-151.038,top,90
R179,150.188,-150.9345,top,90
R18,153,-188.25,top,-90
R180,102.055,-130.287,top,-90
R181,102.055,-134.1705,top,90
R182,151.839,-97.698,top,0
R183,151.839,-95.158,top,0
R184,182.827,-157.388,top,180
R185,181.811,-84.49,top,180
R19,150,-188.25,top,-90
R2,159.5,-191.95,top,-90
R20,147,-188.2,top,-90
R201,211.275,-200.1635,top,-90
R202,208.511,-200.1635,top,-90
R203,205.687,-200.1635,top,-90
R204,202.893,-200.1635,top,-90
R21,125.16,-188.175,top,-90
R22,144,-188.2,top,-90
R23,122.65,-188.175,top,-90
R24,120.14,-188.175,top,-90
R25,117.295,-188.175,top,-90
R26,98.5,-189.12302,top,-90
R27,95.5,-189.12302,top,-90
R28,92.5,-189.12302,top,-90
R29,89.47,-189.21052,top,-90
R3,129.5,-187.394,top,-90
R31,160,-196.45,top,-90
R32,175.517,-38.77,top,-90
R33,69.5,-108.5,top,0
R36,74.1625,-116.75,top,0
R37,78.25,-124.25,top,0
R38,81.5625,-115.95,top,90
R39,69.525,-65.5,top,0
R4,156.5,-188.3625,top,-90
R40,78,-67.5,top,0
R41,82,-121.75,top,180
R42,82,-125,top,180
R44,73.525,-65.5,top,0
R45,82.9125,-72,top,0
R46,83,-69,top,180
R47,80.5,-60.5,top,180
R48,71.5,-60.5,top,180
R5,83.5,-176.5,top,-90
R6,86.5,-176.5,top,-90
R66,79.5,-162.5,top,180
R67,70.4125,-183.9125,top,180
R68,70.4125,-167.45625,top,180
R69,69.7,-191.8125,top,0
R7,134,-186.344,top,-90
R70,70.4125,-175.45625,top,0
R71,69.7,-194.8125,top,0
R72,70.5,-178.45625,top,0
R73,60.51,-153.0875,top,-90
R76,97.5,-61,top,-90
R77,92.5,-154.0875,top,90
R78,89,-154.0875,top,90
R79,175,-189.75,top,90
R8,64,-167,top,0
R80,178.25,-189.75,top,90
R801,90.7285,-175.168,top,0
R802,191.209,-193.8135,top,90
R803,194.003,-194.98,top,0
R804,194.765,-164.53,top,0
R806,198.6785,-190.916,top,0
R807,194.765,-169.072,top,180
R81,84.5,-60.5,top,0
R82,161,-187.95,top,90
R83,101.5,-188.95,top,90
R84,160,-201,top,-90
R88,67.5,-61.5,top,0
R9,80.5,-63.5,top,180
R91,104.0875,-70.99,top,0
R92,104.0875,-73.5,top,0
R97,173.5,-72.75,top,90
R98,173.4125,-61.54,top,90
R99,162,-149.25,top,90
S1,88.75,-52.75,top,0
S2,68,-219.75,top,180
TP_CIPO1,92.022,-149.514,top,0
TP_COPI1,89.863,-171.358,top,0
TP_SCL1,149.045,-164.5,top,0
TP_SCL2,170.254,-47.66,top,0
TP_SD_DET1,97.991,-166.532,top,0
TP_SDA1,157.3,-165.77,top,0
TP_SDA2,165.682,-59.344,top,0
TP_SPI_SCK1,85.291,-170.342,top,0
TP_VIN1,97.61,-64.932,top,0
TP1,55,-196.75,top,0
TP10,163,-205.75,top,180
TP11,53,-120.5,top,0
TP17,63,-163,top,90
TP18,63.5,-188,top,90
TP19,68.5,-163,top,0
TP2,103.25,-61,top,90
TP20,64.5,-54.75,top,0
TP201,199.845,-200.06,top,180
TP21,184.859,-46.644,top,0
TP3,103,-65,top,0
TP4,60.5,-60,top,0
TP5,161.237,-217.332,top,180
TP6,141,-188.95,top,180
TP7,114.5,-188.95,top,180
TP8,86,-188.95,top,180
TP9,163,-211.45,top,180
TP999,2.025,-2.025,top,0
TPSwitched_Fan_Power1,58,-120.5,top,0
